;german;english;hour;minute
0;0,33 cola;0.33 cola;12;13
1;0,66ml Cola;0.66ml Cola;11;37
2;0.75 l hohes C;0.75L high C;23;23
3;1 Aufbackbr√∂tchen;1 baked buns;9;35
4;1 bot mit K√§se 1 Tee 0,4;1 bread with cheese 1 tea 0.4;9;50
5;1 Brot mit K√§se;1 bread with cheese;12;13
7;1 Brot mit Wurst 1 knoppers;1 bread with sausage 1 knoppers;8;42
8;1 brot mit wurst 3 Pick ups 1√ótee;1 bread with sausage 3 pick ups 1√ótea;8;45
9;1 Br√∂tchen mit Frischk√§se;1 bun with cream cheese;19;0
10;1 Br√∂tchen mit K√§se und Marmelade und ein gekochtes Ei;1 bun with cheese and jam and a boiled egg;9;0
11;1 duplo;1 duplo;15;1
12;1 Glas Rotwein trocken;1 glass of dry red wine;21;0
13;1 Glas Wein;1 glass of wine;21;0
14;1 gro√üe Portion Gem√ºsesuppe mit 1EL Cremefraiche;1 large portion of vegetable soup with 1 tablespoon of cremefraiche;17;0
15;1 gr√ºne Gurke mit Frischk√§se;1 green cucumber with cream cheese;20;0
16;1 jumbod√∂ner 0,33 Cola;1 jumbo doner 0.33 cola;20;25
17;1 Kaffee;1 coffee;14;0
18;1 Kaukau 0,3;1 hot chocolate 0.3;7;37
19;1 kleines St√ºck Tiramesu und Erdbeeren;1 small piece of tiramisu and strawberries;16;0
20;1 knoppers 40g;1 knoppers 40g;6;50
21;1 Scheibe Salami und 300 ml Milch;1 slice of salami and 300 ml milk;5;15
22;1 snickers 2 hanuta;1 snickers 2 hanuta;7;42
23;1 snikers;1 snickers;9;51
24;1 Spaghetti Pizza mit K√§se und Bolognese;1 spaghetti pizza with cheese and bolognese;13;0
25;1 St√ºck Brownie;1 piece of brownie;15;13
26;1 St√ºck Kuchen;1 piece of cake;15;0
27;1 Tee 0,3ml 2 knoppers 80g;1 tea 0.3ml 2 knoppers 80g;10;47
28;1 Twix 1 Mars;1 Twix 1 Mars;18;55
29;1,1l cola;1.1l cola;21;17
30;1,5 Br√∂tchen mit Marmelade und K√§se;1.5 buns with jam and cheese;9;0
31;1/2 Br√∂tchen mit Marmelade;1/2 buns with jam;7;15
32;100 g Erdn√ºsse im Tegmantel;100 g peanuts in a dough coating;17;30
33;100g chokolade 0,3 ml Kaukau;100g chocolate 0.3 ml hot chocolate;10;53
34;100g Erdn√ºsse in teigmantek;100g peanuts in dough coating;22;24
35;100g Schokolade Tee 0,3;100g chocolate tea 0.3;7;25
36;100g Spagetti, 200g Tofu, 35g Barilla Pesto Rosso, 2EL √ñl, 2EL Tomatenmark, Sojasauce;100g spaghetti, 200g tofu, 35g Barilla Pesto Rosso, 2tbsp oil, 2tbsp tomato paste, soy sauce;18;14
37;150 g m&m;150 g m&m;22;2
38;150 g Skyr 1 Apfel 1Banane;150 g Skyr 1 apple 1 banana;7;55
40;160g Joghurt Natur 9,4 Fett 1Apfel;160g yogurt natural 9.4% fat 1 apple;7;0
41;170 g Nudeln +150 g H√ºhnchen, zwei Teel√∂ffel Pasta Sauce;170 g pasta +150 g chicken, two teaspoons of pasta sauce;17;50
42;180g H√ºft Steak mit Bratkartoffeln;180g hip steak with fried potatoes;14;30
43;1Apfel;1apple;10;29
44;1brot mit K√§se 0,33 l cola;1 bread with cheese 0.33 l cola;9;0
45;1brot mit K√§se 1 Tee 0,4;1 bread with cheese 1 tea 0.4;7;35
46;1brot mit Wurst 500 ml Wasser;1 bread with sausage 500 ml water;8;51
47;1Brot, Gutfried Wir Fleischwurst 15g, Magerine 5g;1 bread, Gutfried Wie Fleischwurst 15g, margerine 5g;7;6
48;1Br√∂tchen K√§se , Wurst, R√ºhrei;1 roll of cheese, sausage, scrambled eggs;11;30
49;1Br√∂tchen,1 Ei,25g Pesto, 30g Gutfried wie Fleischwurst, 30g Ziegenweichk√§se;1 roll, 1 egg, 25g pesto, 30g Gutfried Wie Fleischwurst, 30g soft goat cheese;20;0
50;1Dinkelbr√∂tchen Butter Zwiebelmett K√§se;1 spelled roll butter onion meat cheese;12;28
51;1K√§seschnecke vom B√§cker;1 cheese-snail from the bakery;9;12
52;1l Cola;1l Cola;19;56
53;1Schwarzbrot , Butter , 2 Eier;1 brown bread, butter, 2 eggs;13;27
54;1St√ºck schokokuchen & Fritz kola zuckerfrei;1 piece of chocolate cake & Fritz kola sugar-free;17;42
55;1x Apfel;1x apple;8;0
56;2 Backcamembert 468 kcal, 2 Teel√∂ffel Marmelade;2 baked Camembert 468 kcal, 2 teaspoons of jam;12;32
57;2 Baguette 566 kcal;2 baguettes 566 kcal;19;5
58;2 Br√∂tchen mit K√§se und Marmelade;2 rolls with cheese and jam;10;0
59;2 Br√∂tchen mit K√§se und Marmelade und Honig und ein gekochtes Ei;2 rolls with cheese and jam and honey and a boiled egg;9;0
60;2 Br√∂tchen, 2 Eier gekocht, Butter, Marmelade 2 EL, Fleischsalat 1EL, Lachs, Gurke, Tomate;2 rolls, 2 eggs boiled, butter, jam 2 tbsp, meat salad 1 tbsp, salmon, cucumber, tomato;11;30
61;2 Br√∂tchen, 2 Scheiben Salamie, 2 Scheiben Ziegenk√§se, Eiersalat-Aufstrich ca. 1 EL, Marmelade 2. TL, Butter;2 rolls, 2 slices of salami, 2 slices of goat cheese, egg salad spread approx. 1 tbsp, jam 2. tsp, butter;11;30
62;2 Brote mit K√§se und Marmelade;2 breads with cheese and jam;9;0
63;2 Burgerbr√∂tchen Gold√§hren, 1/2 Veganes Steak Aldi, 5 mini Veggie Frikadellen Aldi, Aioli ca 30g,3 Kirschpaprika mit Frischk√§sef√ºllung, 1/2Avocado;2 Gold√§hren burger buns, 1/2 vegan steak Aldi, 5 mini veggie meatballs Aldi, aioli approx. 30g, 3 cherry peppers with cream cheese filling, 1/2 avocado;20;0
64;2 Dinkelbrote, eins mit H√ºttenk√§se und Marmelade das andere mit L√∂wenzahnhonig;2 spelled breads, one with cottage cheese and jam the other with dandelion honey;8;0
65;2 Finn crisp, 50g Ziegenweichk√§se;2 Finn crisp, 50g soft goat cheese;15;0
66;2 Graubrote mit Nutella;2 brown breads with Nutella;10;0
67;2 hanuta 1 tee;2 hanuta 1 tea;7;38
68;2 Kaffee;2 coffees;7;30
72;2 kleine Scheiben Vollkorn Basenbrot 60 Gramm, mit Frischk√§se und Marmelade und 1 Ei;2 small slices of wholemeal base bread 60 grams, with cream cheese and jam and 1 egg;9;0
73;2 Kugeln Eis 1x Pistazie, 1x Oreo;2 scoops of ice cream 1x pistachio, 1x Oreo;15;15
74;"2 Romana salatherzen (ca je 100g) ; the wonder chunks chicken style 185g; Dressing aus: 25g veg. Majo, 50ml Haferdrink, 1Knoblauchzehe, 1ELZitronensaft, 1EL Alpro Haferjoghurt";"2 romaine lettuce hearts (approx. 100g each); the wonder chunks chicken style 185g; Dressing from: 25g veg. Mayo, 50ml oat drink, 1 garlic clove, 1 tbsp lemon juice, 1 tbsp Alpro oat yoghurt";14;30
75;2 Scheiben Brot mit Eiersalat-Aufstrich;2 slices of bread with egg salad spread;19;39
77;2 Scheiben dinkelbrot mit Butter und salami;2 slices of spelled bread with butter and salami;14;0
78;2 Scheiben Graubrot mit Butter und Banane;2 slices of brown bread with butter and banana;9;6
79;2 Schoko Keckse, 28gr. 136 Kalorien;2 chocolate cookies, 28gr. 136 calories;16;0
80;2 Spiegeleier 2 Bacon 1 Schwarzbrot;2 fried eggs 2 bacon 1 brown bread;20;1
81;2 St√ºck Sahnetorte;2 pieces of cream cake;15;0
82;2 Toastbrot, 1 Birne;2 pieces of toast, 1 pear;15;30
83;210g kockies;210g cookies;21;0
84;250 g Quark +30 g, Eiwei√üpulver, zwei Scheiben Kartoffel Brot, etwas Butter und ein Forellenfilet 125 g;250 g quark + 30 g, protein powder, two slices of potato bread, a little butter and a trout fillet 125 g;18;30
85;250 g Skyr 153 kcal , 1 Apfel, 1Banane , 100g Schokolade;250 g Skyr 153 kcal, 1 apple, 1 banana, 100g chocolate;10;31
86;250 Gramm Erdbeeren und frische Ananas 2 St√ºcke;250 grams of strawberries and fresh pineapple 2 pieces;14;30
87;250g Skyr 153kcal, 1 kleiner Apfel;250g Skyr 153kcal, 1 small apple;10;3
88;250ml Wasser;250ml water;21;0
89;2brot mit Wurst 1knoppers 40g;2 bread with sausage 1knoppers 40g;11;28
90;2brot mit Wurst 4 Pick ups 1+tee;2 bread with sausage 4 pick ups 1+tea;11;30
91;2Brote mit Veggie Aufstrich Aubergine ca 40g;2 breads with veggie spread eggplant approx. 40g;12;58
92;2brote mit Wurst und K√§se;2 breads with sausage and cheese;12;1
93;2Graubrot mit Butter und Honig;2Grey bread with butter and honey;8;59
94;2x Br√∂tchen mit K√§se;2x rolls with cheese;8;30
95;2xKn√§ckebrot Finn Crisp, Magerine 10g, Gutfried wie Fleischwurst 40g;2x crispbread Finn Crisp, Magerine 10g, Gutfried like meat sausage 40g;20;55
96;3 eier 1l schokomilch;3 eggs 1l chocolate milk;16;30
97;3 Kaffee;3 coffees;8;0
98;3 Pizza Br√∂tchen , 120 Gramm Krabbensalat;3 pizza rolls, 120 grams of crab salad;20;0
99;3 pizzabr√∂tchen mit Schinken;3 pizza rolls with ham;12;0
100;3 Scheiben Brot, 2 Sahnejoghurt, 1EL Fleischsalat, Tomaten in Scheiben 3 St√ºck, Butter 1 TL, Marmelade 1EL;3 slices of bread, 2 cream yogurt, 1 tbsp meat salad, 3 sliced ‚Äã‚Äãtomatoes, 1 tsp butter, 1 tbsp jam;11;0
101;3 Scheiben Weizenbrot, Fleischsalat ca. 2 Essl√∂ffel, 2 Scheiben Salami, 2 Teel√∂ffel Honig, Butter;3 slices of wheat bread, meat salad about 2 tablespoons, 2 slices of salami, 2 teaspoons of honey, butter;8;40
102;30 g Veggie Aufstrich Tomate Basilikum & 1 Scheibe K√§se;30 g veggie spread tomato basil & 1 slice of cheese;9;35
103;300 g Lachsfilet und f√ºnf kleine Kartoffeln;300 g salmon fillet and five small potatoes;14;0
104;300 Gramm Erdbeeren mit einem Schuss Eierlik√∂r;300 grams of strawberries with a dash of eggnog;18;0
105;"3x Kn√§ckebrot Finn Crisp; Ziegenweichk√§se 25g;Gutfried Wie Fleischwurst 40g; Magerine10g; Veggie Aufstrich Aubergine 10g";"3x crispbread Finn Crisp; Soft goat cheese 25g; Gutfried like meat sausage 40g; Magerine10g; Veggie spread eggplant 10g";17;53
106;3x Scheiben Brot mit Salami;3x slices of bread with salami;19;0
107;4 Gin mit Tonic (Zero), 2 Back Camenbert von Aldi;4 Gin with Tonic (Zero), 2 Back Camenbert from Aldi;22;30
108;4 saure Heringe mit Rest Pizzarolle;4 sour herrings with the rest of the pizza roll;17;0
109;4 Scheiben Wei√übott, Butter 1TL, Salami 3 Scheiben, Marmelade 1EL, 1 Sahnejoghurt, K√§se 2 Scheiben;4 slices of Weissbott, 1 teaspoon of butter, 3 slices of salami, 1 tablespoon of jam, 1 cream yogurt, 2 slices of cheese;11;0
110;4 Scheiben Weissbrot, 1TL Butter, 3 Scheiben Salami, 1 Sahnejoghurt, Marmelade 1EL, K√§se 2 Scheiben, Weintrauben handvoll, tomaten, gurken, Mozzarela 3 kleine Kugeln, 1 Ei gekocht;4 slices of white bread, 1 tsp butter, 3 slices of salami, 1 cream yoghurt, 1 tbsp jam, 2 slices of cheese, handful of grapes, tomatoes, cucumbers, 3 small balls of mozzarella, 1 boiled egg;11;0
111;4 Schokoeier;4 chocolate eggs;15;30
112;4 Vollkorntoast, 1,5Eier,Veggie Fleischsalat ca 50g, 3 Scheiben Cheddar;4 wholemeal toast, 1.5 eggs, veggie meat salad approx. 50g, 3 slices of cheddar;12;24
113;400ml cola;400ml cola;22;27
114;4Toast, 50veggie Fleischsalat, Veganes chicken 185g, aioli ca 20g;4 toast, 50veggie meat salad, vegan chicken 185g, aioli approx. 20g;19;11
115;5 Oliven mit Frischk√§se gef√ºllt und 1 R√ºhrei mit Spargel;5 olives stuffed with cream cheese and 1 scrambled egg with asparagus;19;30
116;500 g lasange;500 g lasange;21;17
119;500 ml energy;500 ml energy;18;47
120;500 ml proteinshake;500 ml protein shake;16;29
121;500 ml selter;500 ml sparkling water;21;21
122;500 ml Wasser;500 ml water;14;5
123;500 ml Wasser mit creatin und Eaa;500 ml water with creatine and Eaa;20;5
126;500 ml Wasser und 500 ml energy;500 ml water and 500 ml energy;20;42
127;500g Frucht Buttermilch;500g fruit buttermilk;18;37
128;500g lasange;500g lasange;19;55
132;50g Zartbitterschokolade;50g dark chocolate;15;45
133;6 schokoeier;6 chocolate eggs;17;33
134;70 g Haferflocken, 30 g Eiwei√üpulver;70 g oat flakes, 30 g protein powder;9;0
136;Alpro 120g Haferjoghurt, 1/2 Apfel, 50g Knusperm√ºsli, 5gAgavendicksaft;Alpro 120g oat yoghurt, 1/2 apple, 50g crunchy muesli, 5g agave syrup;10;38
137;Alpro Hafer Joghurt 200g, 90g Knusperm√ºsli, 1/2 Apfel, 5gAgavendicksaft;Alpro oat yoghurt 200g, 90g crunchy muesli, 1/2 apple, 5g agave syrup;9;39
138;Aperol 1 Glas;Aperol 1 glass;19;36
139;Aperol Spritz ;Aperol Spritz;19;0
140;Apfel;Apple;12;0
142;Banane (eine);banana (one);20;32
143;Blaubeeren mit Quark ;Blueberries with quark;16;52
144;bretzel mit quark und Schnittlauch ;Pretzel with quark and chives;15;47
145;brot;bread;17;31
146;Brot mit K√§se;bread with cheese;5;0
147;Br√∂tchen ;Bun;12;34
148;Br√∂tchen, 15g Magerine, 30g Ziegenweichk√§se, 40g Schokostreusel, 1 Ei, 1/2 Apfel, 1/2 K√§seschnecke vom B√§cker;Bun, 15g lean cheese, 30g soft goat cheese, 40g chocolate sprinkles, 1 egg, 1/2 apple, 1/2 cheese snail from the bakery;10;0
149;Br√∂tchen, 30g erdnusscreme, 15g Himbeermarmelade;Bun, 30g peanut cream, 15g raspberry jam;10;7
150;Burger 500 g mit pommes;Burger 500 g with fries;20;41
151;Buttermilcheis;Buttermilk ice cream;19;0
152;ca. 200g Schokolade, 1gekochtes Ei;approx. 200g chocolate, 1 boiled egg;19;58
153;Chips ;Chips;22;0
154;Chips 85g;Chips 85g;21;0
155;"Corny Haselnuss; 1 Apfel";"Corny Hazelnut; 1 apple";14;46
156;Croissant ;croissant;10;0
157;croque mit Putenfleisch;croque with turkey meat;18;30
158;Currywurst und Pommes ;Currywurst and fries;18;0
159;d√§nischer Joghurt mit Erdbeeren und Keksen ;Danish yogurt with strawberries and cookies;14;0
160;das gleiche wie Dienstag (Reis, Spargel, Brokkoli etc) ;the same as Tuesday (rice, asparagus, broccoli etc);12;7
161;Dinkel Toast   Ei  Putensalami;Spelled toast egg turkey salami;11;20
162;Eierpfannkuchen, Tomatensalat, 2 Pizza Br√∂tchen;Egg pancakes, tomato salad, 2 pizza rolls;13;30
163;ein kleines Baguette mit Schinken, K√§se und Ei;a small baguette with ham, cheese and egg;19;15
164;ein Pfeffer, Steak ;a pepper, steak;17;0
165;ein St√ºck Erdbeerrolle und eine Kaffee mit Hafermilch;a piece of strawberry roll and a coffee with oat milk;17;0
167;ein St√ºckkuchen ;a piece of cake;15;0
168;ein Teller H√ºhnersuppe mit Reis;a plate of chicken soup with rice;18;30
169;ein Teller Lauchsuppe üòã;a plate of leek soup üòã;14;20
170;ein weissesbr√∂tchen mit k√§se;a white bun with cheese;9;0
171;eine Banane und eine Scheibe Eiwei√ü Brot mit Homos;a banana and a slice of egg white bread with humus;10;0
172;eine kleine Banane;a small banana;9;0
173;eine kleine Pizza üçï ;a small pizza üçï;17;30
174;eine Scheibe Dinkel Toast mit einer Scheibe K√§se, Light und einer Scheibe Pute, Aufschnitt;a slice of spelled toast with a slice of cheese, light and a slice of turkey, cold cuts;19;0
175;eine Scheibe Dinkel Toast mit Honig und eine Banane;a slice of spelled toast with honey and a banana;8;7
176;eine Scheibe Dinkel Toast mit Honig und zwei Becher Kaffee;a slice of spelled toast with honey and two cups of coffee;7;25
177;eine Scheibe Dinkel Toast mit Putensalami;a slice of spelled toast with turkey salami;20;0
178;eine Scheibe Toast mit K√§se;a slice of toast with cheese;12;0
179;eine Scheibe Vollkorn Toast mit Krabben Salat und zwei kleine Frikadellen Rind;a slice of whole wheat toast with crab salad and two small beef meatballs;20;7
180;eine T√ºte Linsenchipsüòä;a bag of lentil chipsüòä;21;0
182;einen Aperol Spritz;an Aperol Spritz;18;0
183;Eiwei√ü Pudding;Protein pudding;0;0
184;Erdbeeren ;Strawberries;16;0
186;fertigpizza mit Spinat ;ready-made pizza with spinach;18;30
187;Fitness Salat mit Scampi und einem St√ºck Knoblauchbaguette;Fitness salad with scampi and a piece of garlic baguette;18;0
188;Flammkuchen;Tarte;17;30
189;frisch gebackenes Br√∂tchen, 1Ei und Frischk√§se mit Marmelade;freshly baked bread roll, 1 egg and cream cheese with jam;9;0
190;Fritz Limo Apfel Kirsch Holunder ;Fritz Limo Apple Cherry Elderberry;14;30
191;Fritz Limo Zitrone;Fritz lemonade lemon;16;27
192;Frosties 44g Milch 164g;Frosties 44g Milk 164g;8;46
193;Fr√ºhst√ºck im Caf√© mit Freudin! 1 Br√∂tchen, 2 Scheiben Vollkornbrot, 2 Scheiben Gouda, 1/4 Camembert 15 Gramm Butter, 200 Gramm Weintrauben;Breakfast in the caf√© with friend! 1 roll, 2 slices of wholemeal bread, 2 slices of Gouda, 1/4 Camembert, 15 grams of butter, 200 grams of grapes;10;30
194;Fr√ºhst√ºck wie gestern ;Breakfast like yesterday;9;0
195;geschnitzeltes mit Reis;schnitzel with rice;14;0
196;geschnitzeltes und Nudeln;schnitzel and noodles;14;30
197;Gouda streifen;Gouda strips;12;5
198;Haferflocken 50 g;Oat flakes 50 g;8;0
199;halbe T√ºte Linsenchips;half a bag of lentil chips;21;51
200;Harbo Pommes sauer 10 x;Haribo fries sour 10 x;19;0
201;jumbod√∂ner mit s√ºskatoffelpommes 0,4 cola;jumbo kebab with sweet potato fries 0.4 cola;15;30
203;Kaffee;Coffee;17;0
204;"Kantine: Spinat Feta Quiche ca 300g; kleiner gr√ºner Salat mit Essig √ñl Dressing; Kartoffelsuppe 100ml, Quark mit Ananas ca 100g";"Canteen: Spinach Feta Quiche approx. 300g; small green salad with vinegar oil dressing; Potato soup 100ml, quark with pineapple approx. 100g";12;0
205;Kartoffel Brot K√§se Lieberwurscht ;Potato Bread Cheese Leberwurst;9;30
206;Kartoffeln und Senfeier mit Fisch ;Potatoes and mustard with fish;18;0
207;Kartoffelp√ºre mit Fischst√§bchen (2 St√ºck);Mashed potatoes with fish fingers (2 pieces);18;0
208;Kartoffelp√ºree selbstgemacht Gulasch und Steckr√ºbe ;Homemade mashed potatoes, goulash and turnip;18;30
209;k√§sebr√∂tchen 500ml energy;cheese rolls 500ml energy;15;3
210;K√§seplatte 8-10 Scheiben K√§se verschiede Sorten;Cheese plate 8-10 slices of cheese of different types;15;0
211;Kleine Portion Gem√ºselasagne, 4 Scheiben Toastbrot mit Fleischsalat, 6 St√ºck Schokolade, 3 Kekse Mittelgro√ü;Small portion of vegetable lasagna, 4 slices of toast with meat salad, 6 pieces of chocolate, 3 medium-sized biscuits;13;0
212;K√∂rner M√ºsli ohne Zucker, mit 2 kleinen √Ñpfel und Soja Joghurt ohne Zucker;Grain muesli without sugar, with 2 small apples and soy yogurt without sugar;9;26
213;K√∂rner M√ºsli, wie Dienstag ;Grains muesli, like Tuesday;9;0
214;lacksei Br√∂tchen ;Salmon eggs rolls;15;3
215;Lauchsuppe  üòä;Leek soup üòä;14;30
216;Lindt Schokolade 40 Gramm;Lindt chocolate 40 grams;15;50
217;Macaroni&Cheese 375g , 825 kcal;Macaroni & Cheese 375g, 825 kcal;12;54
218;mc crispy chicken Menu ;mc crispy chicken menu;15;0
219;Mit frisck√§se gef√ºlte Paprika 150g;Peppers stuffed with cream cheese 150g;18;52
220;Mit Rinderhack gef√ºllte Zucchini, Reis,  Champion und Zwiebeln √ºberbacken mit K√§se ;Zucchini stuffed with minced beef, rice, champion and onions baked with cheese;18;0
221;Mittag: Auberginen und Tomaten Auflauf mit Schafsk√§se, dazu Reis ;Lunch: Eggplant and tomato casserole with sheep's cheese, with rice;14;0
222;Mittlere Portion Pommes mit Mayonaise;Medium portion of fries with mayonaise;19;35
223;M√ºsli;Muesli;0;0
224;Nudeln 130 Gramm, Tomatenso√üe mit Tunfisch und Parmesank√§se;Pasta 130 grams, tomato sauce with tuna and parmesan cheese;13;0
225;Nudeln H√§hnchenkeulenfleisch eingelegt, Tomatensalat;Pasta, pickled chicken leg meat, tomato salad;20;6
226;nudeln mit etwas Sherrytomaten und Krabben;noodles with some sherry tomatoes and shrimp;15;0
227;nudeln mit H√§hnchen und Pilzen;pasta with chicken and mushrooms;12;10
228;Nudeln mit Tomatensosse, 5 St√ºck Schockolade;Pasta with tomato sauce, 5 pieces of chocolate;18;0
229;N√ºsse Handvoll, Schokolade 6-7 St√ºck, 3 St√ºck √Ñpfel;Nuts handful, chocolate 6-7 pieces, 3 pieces apples;16;0
230;Nutella ;Nutella;6;20
231;PeterPane HoldeMaid, Vegetarischer Burger gro√ü, S√º√ükartoffelpomes kleine Portion, Mayodipp dazu, Cola;PeterPane HoldeMaid, large vegetarian burger, small portion of sweet potato fries, mayo dip, cola;20;0
232;Porridge mit Banane;Porridge with banana;8;0
233;Proteinshake (30g vegan Protein Cookies n Cream von Proteinworks & Hafer dink ca 300ml);Protein shake (30g vegan Protein Cookies n Cream from Proteinworks & Oat dink approx. 300ml);12;57
234;Quark Eiwei√ü Kiwi ü•ù ;Quark protein kiwi ü•ù;12;0
235;Quark, Eiwei√üpulver, Blaubeeren;Quark, protein powder, blueberries;14;0
236;Ravioli mit Spinat, antipasti und Lasagne;Ravioli with spinach, antipasti and lasagna;13;30
237;reis H√§hnchen ;rice chicken;17;45
238;Reis mit Fenchel,  paprika,  Karotten,  Zucchini und Lauchzwiebeln und 2 H√§hnchenschenjek;Rice with fennel, peppers, carrots, zucchini and spring onions and 2 chicken thighs;18;0
239;romana Salat ca 100g, Gurke 100g, Dressing wie Montag, Ziegenweichk√§se 30g, 2Eier;romaine lettuce approx. 100g, cucumber 100g, dressing like Monday, soft goat cheese 30g, 2 eggs;13;46
240;Sandwich ;sandwich;10;0
241;Scampis in Oliven√∂l ca. 15 St√ºck, 1 Glas Weissweinschorle, 1 gro√üe Portion Teramisu;Scampis in olive oil approx. 15 pieces, 1 glass of white wine spritzer, 1 large portion of teramisu;21;0
242;Schinken K√§se Baguette ;Ham cheese baguette;20;0
243;Schokokuchen ;chocolate cake;15;57
244;Schwarzbrot, Tomate Ei K√§se Nutella ;Brown bread, tomato egg cheese Nutella;6;15
245;Schwarzbrot, Tomate Spiegelei ;Brown bread, tomato fried egg;6;16
246;Schwarzbrot, Tomate, zwei Spiegeleier;Brown bread, tomato, two fried eggs;6;10
247;Skyr Apfel Banane M√ºsli ;Skyr apple banana muesli;7;48
248;Spagetti mit Bolognese;Spaghetti with Bolognese;12;30
250;Spargel Suppe ;Asparagus soup;14;0
251;Spargel Suppe, mit gr√ºnen Spargel (selber gemacht) und Basen Brot 60gramm -gestern noch gebacken;Asparagus soup, with green asparagus (homemade) and base bread 60 grams - baked yesterday;13;53
252;Speck ;bacon;12;34
253;sub 30cm mit stake und salatged√∂ns kocki 0,5l Mountain Dew;sub 30cm with stake and salad kocki 0.5l Mountain Dew;13;7
254;"Sushireis 75g; Brokkoli 100g;Gr√ºner Spargel 150g; Erdnussmus 15g; 100gTofu; Sojasauce; Zitronensaft";"Sushi rice 75g; Broccoli 100g; Green asparagus 150g; peanut butter 15g; 100g tofu; Soy sauce; lemon juice";13;15
255;Teller Kartoffelgratin;Plate of potato gratin;13;0
256;Tofu Sushi ca 160g -  lt. n√§hrwerttabelle 170kcal - 6g Eiweis;Tofu sushi approx. 160g - according to the nutritional table 170kcal - 6g protein;21;30
257;Tomate K√§se Ei  Schwarzbrot;Tomato cheese egg brown bread;8;45
258;Tortellini 675 Kcal;Tortellini 675 kcal;19;29
259;√úber den Tag verteilt acht Becher Kaffee;Eight cups of coffee throughout the day;0;0
260;√úber den Tag verteilt so f√ºnf Schokoladenostereier und ein etwas gr√∂√üeres bisschen Kekse;Five chocolate Easter eggs and a slightly larger bit of cookies spread throughout the day;0;0
261;und so zwischendurch ab und zu mal ein kleines St√ºck Schokolade;and a small piece of chocolate every now and then;0;0
262;veganz protein choc bar chocolate brownie style;veganz protein choc bar chocolate brownie style;13;45
263;Veganz Protein Choc Bar cookie dough style;Veganz Protein Choc Bar cookie dough style;9;18
264;Wasser 500 ml;Water 500 ml;15;13
266;Wiener W√ºrstchen 90 g  , 2 Kugeln Eis;Vienna sausages 90 g, 2 scoops of ice cream;22;1
267;Wonder chunks chicken style 185g, 1EL √ñl, All Seasons Pfannengem√ºse asiatischer Art ca 250g;Wonder chunks chicken style 185g, 1tbsp oil, All Seasons pan-fried vegetables Asian style approx 250g;20;9
268;Wrap mit Feta ca 100g, Oliven und Majo ca 30g;Wrap with feta approx. 100g, olives and mayo approx. 30g;17;0
269;yoghurt mit Blaubeeren und Himbeeren ;yogurt with blueberries and raspberries;14;0
270;Zimtschnecken klein 3 St√ºck;Cinnamon rolls small 3 pieces;13;0
272;zwei Becher Kaffee mit Milch;two cups of coffee with milk;16;45
273;Zwei Becher Kaffee und ein St√ºck K√§sekuchen klein;Two cups of coffee and a small piece of cheesecake;16;44
274;Zwei Br√∂tchen mit Wurst r√∂stzwiebeln und Peperoni ;Two rolls with sausage, fried onions and pepperoni;11;36
275;zwei Dinkel Pfannkuchen mit 30 g Proteinpulver;two spelled pancakes with 30 g protein powder;14;0
276;zwei halbe Br√∂tchen;two half rolls;6;20
278;zwei Scheiben Dinkel Toast, eins mit Marmelade, eins mit Honig und dann zwei Becher Kaffee;two slices of spelled toast, one with jam, one with honey and then two cups of coffee;10;6
279;zwei Scheiben, Dinkel Toast mit Krabben, Salat und zwei Eier gekocht und drei Becher Kaffee;two slices of spelled toast with crabs, salad and two boiled eggs and three mugs of coffee;9;45
280;zwei Scheiben, Eiwei√ü, Brot, Avocado und ein Ei und Kaffee;two slices, egg whites, bread, avocado and an egg and coffee;10;0